Gene	Alignment_position	Major_AA	Conservation_percent	N_sequences
E6	1	M	85.71	7
E6	2	H	100.0	7
E6	3	Q	100.0	7
E6	4	K	100.0	7
E6	5	R	100.0	7
E6	6	T	100.0	7
E6	7	A	100.0	7
E6	8	M	100.0	16
E6	9	F	100.0	16
E6	10	Q	100.0	16
E6	11	D	100.0	16
E6	12	P	100.0	16
E6	13	Q	100.0	16
E6	14	E	100.0	16
E6	15	R	100.0	16
E6	16	P	100.0	16
E6	17	R	68.75	16
E6	18	K	100.0	16
E6	19	L	93.75	16
E6	20	P	100.0	16
E6	21	D	50.0	16
E6	22	L	100.0	16
E6	23	C	100.0	16
E6	24	T	100.0	16
E6	25	E	100.0	16
E6	26	L	100.0	16
E6	27	Q	100.0	16
E6	28	T	100.0	16
E6	29	T	100.0	16
E6	30	I	100.0	16
E6	31	H	100.0	16
E6	32	D	93.75	16
E6	33	I	100.0	16
E6	34	I	100.0	16
E6	35	L	100.0	16
E6	36	E	100.0	16
E6	37	C	100.0	16
E6	38	V	100.0	16
E6	39	Y	100.0	16
E6	40	C	100.0	16
E6	41	K	100.0	16
E6	42	Q	100.0	16
E6	43	Q	100.0	16
E6	44	L	100.0	16
E6	45	L	100.0	16
E6	46	R	100.0	16
E6	47	R	100.0	16
E6	48	E	100.0	16
E6	49	V	100.0	16
E6	50	Y	100.0	16
E6	51	D	100.0	16
E6	52	F	100.0	16
E6	53	A	100.0	16
E6	54	F	100.0	16
E6	55	R	100.0	16
E6	56	D	100.0	16
E6	57	L	100.0	16
E6	58	C	100.0	16
E6	59	I	100.0	16
E6	60	V	100.0	16
E6	61	Y	100.0	16
E6	62	R	100.0	16
E6	63	D	100.0	16
E6	64	G	100.0	16
E6	65	N	93.75	16
E6	66	P	100.0	16
E6	67	Y	100.0	16
E6	68	A	93.75	16
E6	69	V	100.0	16
E6	70	C	100.0	16
E6	71	D	87.5	16
E6	72	K	100.0	16
E6	73	C	100.0	16
E6	74	L	100.0	16
E6	75	K	100.0	16
E6	76	F	100.0	16
E6	77	Y	100.0	16
E6	78	S	100.0	16
E6	79	K	100.0	16
E6	80	I	100.0	16
E6	81	S	100.0	16
E6	82	E	100.0	16
E6	83	Y	100.0	16
E6	84	R	100.0	16
E6	85	Y	75.0	16
E6	86	Y	100.0	16
E6	87	C	100.0	16
E6	88	Y	100.0	16
E6	89	S	100.0	16
E6	90	L	62.5	16
E6	91	Y	100.0	16
E6	92	G	100.0	16
E6	93	T	100.0	16
E6	94	T	100.0	16
E6	95	L	100.0	16
E6	96	E	100.0	16
E6	97	Q	100.0	16
E6	98	Q	100.0	16
E6	99	Y	100.0	16
E6	100	N	100.0	16
E6	101	K	100.0	16
E6	102	P	100.0	16
E6	103	L	100.0	16
E6	104	C	100.0	16
E6	105	D	100.0	16
E6	106	L	100.0	16
E6	107	L	100.0	16
E6	108	I	100.0	16
E6	109	R	100.0	16
E6	110	C	100.0	16
E6	111	I	100.0	16
E6	112	N	100.0	16
E6	113	C	100.0	16
E6	114	Q	100.0	16
E6	115	K	100.0	16
E6	116	P	100.0	16
E6	117	L	100.0	16
E6	118	C	100.0	16
E6	119	P	100.0	16
E6	120	E	100.0	16
E6	121	E	100.0	16
E6	122	K	100.0	16
E6	123	Q	100.0	16
E6	124	R	100.0	16
E6	125	H	100.0	16
E6	126	L	100.0	16
E6	127	D	100.0	16
E6	128	K	100.0	16
E6	129	K	100.0	16
E6	130	Q	100.0	16
E6	131	R	100.0	16
E6	132	F	100.0	16
E6	133	H	100.0	16
E6	134	N	100.0	16
E6	135	I	100.0	16
E6	136	R	100.0	16
E6	137	G	100.0	16
E6	138	R	100.0	16
E6	139	W	100.0	16
E6	140	T	100.0	16
E6	141	G	100.0	16
E6	142	R	100.0	16
E6	143	C	100.0	16
E6	144	M	100.0	16
E6	145	S	100.0	16
E6	146	C	100.0	16
E6	147	C	100.0	16
E6	148	R	100.0	16
E6	149	S	100.0	16
E6	150	S	100.0	16
E6	151	R	100.0	16
E6	152	T	100.0	16
E6	153	R	100.0	16
E6	154	R	100.0	16
E6	155	E	100.0	16
E6	156	T	100.0	16
E6	157	Q	100.0	16
E6	158	L	100.0	16
