Peptide	Residue_position	Reference_AA	Major_AA	Conservation_percent
E6wt	1	T	T	100.0
E6wt	2	I	I	100.0
E6wt	3	H	H	100.0
E6wt	4	D	D	93.75
E6wt	5	I	I	100.0
E6wt	6	I	I	100.0
E6wt	7	L	L	100.0
E6wt	8	E	E	100.0
E6wt	9	C	C	100.0
E6wt	10	V	V	100.0
E6apl	1	Y	T	100.0
E6apl	2	L	I	100.0
E6apl	3	H	H	100.0
E6apl	4	D	D	93.75
E6apl	5	I	I	100.0
E6apl	6	I	I	100.0
E6apl	7	L	L	100.0
E6apl	8	E	E	100.0
E6apl	9	C	C	100.0
E6apl	10	V	V	100.0
E7wt1	1	L	L	100.0
E7wt1	2	L	L	100.0
E7wt1	3	M	M	100.0
E7wt1	4	G	G	100.0
E7wt1	5	T	T	100.0
E7wt1	6	L	L	100.0
E7wt1	7	G	G	93.75
E7wt1	8	I	I	100.0
E7wt1	9	V	V	100.0
E7apl1	1	Y	L	100.0
E7apl1	2	L	L	100.0
E7apl1	3	M	M	100.0
E7apl1	4	G	G	100.0
E7apl1	5	T	T	100.0
E7apl1	6	L	L	100.0
E7apl1	7	G	G	93.75
E7apl1	8	I	I	100.0
E7apl1	9	V	V	100.0
E7wt2	1	Y	Y	100.0
E7wt2	2	M	M	100.0
E7wt2	3	L	L	100.0
E7wt2	4	D	D	100.0
E7wt2	5	L	L	100.0
E7wt2	6	Q	Q	100.0
E7wt2	7	P	P	100.0
E7wt2	8	E	E	100.0
E7wt2	9	T	T	100.0
E7wt2	10	T	T	100.0
E7apl2	1	Y	Y	100.0
E7apl2	2	M	M	100.0
E7apl2	3	L	L	100.0
E7apl2	4	D	D	100.0
E7apl2	5	L	L	100.0
E7apl2	6	Q	Q	100.0
E7apl2	7	P	P	100.0
E7apl2	8	E	E	100.0
E7apl2	9	T	T	100.0
E7apl2	10	V	T	100.0
E7apl3	1	Y	Y	100.0
E7apl3	2	L	M	100.0
E7apl3	3	L	L	100.0
E7apl3	4	D	D	100.0
E7apl3	5	L	L	100.0
E7apl3	6	Q	Q	100.0
E7apl3	7	P	P	100.0
E7apl3	8	E	E	100.0
E7apl3	9	T	T	100.0
E7apl3	10	V	T	100.0
