System,Pair,Type,HLAResidueNumber,HLAResidueName,HLAResidue,ContactPairs,H_bond,CH_O_N,Apolar_vdw,Polar_vdw,CH_pi,pi_pi,Amino_pi,Anion_pi,Cation_pi,Proximal,Clash
E6wt,E6,WT,97,ARG,ARG97,2,0,0,0,2,0,0,0,0,0,0,0
E6wt,E6,WT,7,TYR,TYR7,3,0,0,1,1,0,0,0,0,0,2,0
E6wt,E6,WT,5,MET,MET5,1,0,0,0,0,0,0,0,0,0,1,0
E6wt,E6,WT,45,MET,MET45,1,0,0,0,1,0,0,0,0,0,0,0
E6wt,E6,WT,59,TYR,TYR59,1,1,0,0,0,0,0,0,0,0,0,0
E6wt,E6,WT,63,GLU,GLU63,3,2,1,0,1,0,0,0,0,0,1,0
E6wt,E6,WT,66,LYS,LYS66,4,0,0,0,1,0,0,0,0,0,3,0
E6wt,E6,WT,67,VAL,VAL67,1,0,0,1,0,0,0,0,0,0,0,0
E6wt,E6,WT,70,HIE,HIE70,3,1,0,0,0,0,0,0,0,0,2,0
E6wt,E6,WT,73,THR,THR73,3,0,0,0,0,0,0,0,0,0,3,0
E6wt,E6,WT,74,HIE,HIE74,1,0,0,0,0,0,0,0,0,0,1,0
E6wt,E6,WT,76,VAL,VAL76,1,0,1,0,0,0,0,0,0,0,0,0
E6wt,E6,WT,77,ASP,ASP77,3,1,2,1,1,0,0,0,0,0,1,0
E6wt,E6,WT,80,THR,THR80,1,0,0,0,0,0,0,0,0,0,1,0
E6wt,E6,WT,81,LEU,LEU81,1,0,0,0,0,0,0,0,0,0,1,0
E6wt,E6,WT,9,PHE,PHE9,1,0,0,1,0,0,0,0,0,0,0,0
E6wt,E6,WT,99,TYR,TYR99,3,0,0,0,0,0,0,0,0,0,2,1
E6wt,E6,WT,116,TYR,TYR116,1,0,0,0,0,0,0,0,0,0,1,0
E6wt,E6,WT,123,TYR,TYR123,1,0,0,1,0,0,0,0,0,0,0,0
E6wt,E6,WT,139,ALA,ALA139,1,0,0,0,0,0,0,0,0,0,1,0
E6wt,E6,WT,143,THR,THR143,2,0,0,0,1,0,0,0,0,0,1,0
E6wt,E6,WT,146,LYS,LYS146,2,1,0,0,1,0,0,0,0,0,1,0
E6wt,E6,WT,147,TRP,TRP147,3,1,0,1,0,0,0,0,0,0,1,0
E6wt,E6,WT,150,ALA,ALA150,2,0,0,1,0,0,0,0,0,0,1,0
E6wt,E6,WT,152,VAL,VAL152,3,0,0,1,0,0,0,0,0,0,2,0
E6wt,E6,WT,155,GLN,GLN155,2,0,0,0,1,0,0,0,0,0,1,0
E6wt,E6,WT,156,LEU,LEU156,2,0,0,0,1,0,0,0,0,0,1,0
E6wt,E6,WT,159,TYR,TYR159,5,1,1,1,0,0,0,0,0,0,2,1
E6wt,E6,WT,164,CYS,CYS164,1,0,0,0,0,0,0,0,0,0,1,0
E6wt,E6,WT,167,TRP,TRP167,1,0,0,1,0,0,0,0,0,0,0,0
E6wt,E6,WT,171,TYR,TYR171,1,1,0,0,0,0,0,0,0,0,0,0
E6wt,E6,WT,114,HIE,HIE114,2,0,0,0,0,0,0,0,0,0,2,0
E6wt,E6,WT,33,PHE,PHE33,1,0,0,0,0,0,0,0,0,0,1,0
E6apl,E6,APL,7,TYR,TYR7,2,0,0,0,0,0,0,0,0,0,2,0
E6apl,E6,APL,167,TRP,TRP167,1,0,0,0,0,0,0,0,0,0,0,0
E6apl,E6,APL,171,TYR,TYR171,1,0,0,0,0,0,0,0,0,0,1,0
E6apl,E6,APL,9,PHE,PHE9,1,0,0,0,0,0,0,0,0,0,1,0
E6apl,E6,APL,45,MET,MET45,1,0,0,0,0,0,0,0,0,0,1,0
E6apl,E6,APL,59,TYR,TYR59,1,0,0,0,0,0,0,0,0,0,1,0
E6apl,E6,APL,63,GLU,GLU63,2,1,1,1,0,0,0,0,0,0,0,0
E6apl,E6,APL,66,LYS,LYS66,4,1,1,0,1,0,0,0,0,0,2,0
E6apl,E6,APL,67,VAL,VAL67,1,0,0,0,0,0,0,0,0,0,1,0
E6apl,E6,APL,69,ALA,ALA69,1,0,0,0,0,0,0,0,0,0,1,0
E6apl,E6,APL,73,THR,THR73,1,0,0,0,0,0,0,0,0,0,1,0
E6apl,E6,APL,76,VAL,VAL76,1,0,0,0,0,0,0,0,0,0,1,0
E6apl,E6,APL,77,ASP,ASP77,3,1,1,1,2,0,0,0,0,0,1,0
E6apl,E6,APL,80,THR,THR80,1,0,0,1,1,0,0,0,0,0,0,0
E6apl,E6,APL,81,LEU,LEU81,1,0,0,0,0,0,0,0,0,0,1,0
E6apl,E6,APL,70,HIE,HIE70,3,0,0,0,0,0,0,0,0,0,3,0
E6apl,E6,APL,114,HIE,HIE114,1,0,0,0,0,0,0,0,0,0,1,0
E6apl,E6,APL,99,TYR,TYR99,1,0,0,0,0,0,0,0,0,0,1,0
E6apl,E6,APL,159,TYR,TYR159,3,0,0,1,0,0,0,0,0,0,2,0
E6apl,E6,APL,156,LEU,LEU156,2,0,0,1,0,0,0,0,0,0,1,0
E6apl,E6,APL,155,GLN,GLN155,4,0,0,1,0,0,0,0,0,0,2,1
E6apl,E6,APL,152,VAL,VAL152,2,0,0,1,0,0,0,0,0,0,1,0
E6apl,E6,APL,150,ALA,ALA150,1,0,1,0,0,0,0,0,0,0,0,0
E6apl,E6,APL,163,THR,THR163,1,0,0,1,0,0,0,0,0,0,0,0
E6apl,E6,APL,146,LYS,LYS146,3,1,1,0,2,0,0,0,0,0,1,0
E6apl,E6,APL,143,THR,THR143,2,1,1,0,1,0,0,0,0,0,1,0
E6apl,E6,APL,123,TYR,TYR123,1,0,0,0,0,0,0,0,0,0,1,0
E6apl,E6,APL,116,TYR,TYR116,1,0,0,0,0,0,0,0,0,0,1,0
E6apl,E6,APL,147,TRP,TRP147,3,1,0,1,1,0,0,0,0,0,1,0
E7wt1,E7-1,WT,81,LEU,LEU81,1,0,0,0,0,0,0,0,0,0,1,0
E7wt1,E7-1,WT,80,THR,THR80,1,0,0,1,0,0,0,0,0,0,0,0
E7wt1,E7-1,WT,77,ASP,ASP77,3,1,2,0,1,0,0,0,0,0,1,0
E7wt1,E7-1,WT,73,THR,THR73,2,0,0,0,0,0,0,0,0,0,2,0
E7wt1,E7-1,WT,70,HIE,HIE70,4,1,0,0,1,0,0,0,0,0,2,0
E7wt1,E7-1,WT,69,ALA,ALA69,1,0,0,0,0,0,0,0,0,0,1,0
E7wt1,E7-1,WT,66,LYS,LYS66,5,0,0,0,1,0,0,0,0,0,4,0
E7wt1,E7-1,WT,63,GLU,GLU63,2,2,1,0,1,0,0,0,0,0,0,0
E7wt1,E7-1,WT,59,TYR,TYR59,1,1,0,0,0,0,0,0,0,0,0,0
E7wt1,E7-1,WT,45,MET,MET45,1,0,0,0,0,0,0,0,0,0,1,0
E7wt1,E7-1,WT,9,PHE,PHE9,1,0,0,1,0,0,0,0,0,0,0,0
E7wt1,E7-1,WT,84,TYR,TYR84,1,1,0,0,1,0,0,0,0,0,0,0
E7wt1,E7-1,WT,67,VAL,VAL67,1,0,0,1,0,0,0,0,0,0,0,0
E7wt1,E7-1,WT,97,ARG,ARG97,3,1,0,0,1,0,0,0,0,0,2,0
E7wt1,E7-1,WT,171,TYR,TYR171,1,0,0,0,0,0,0,0,0,0,0,1
E7wt1,E7-1,WT,114,HIE,HIE114,1,0,0,0,1,0,0,0,0,0,0,0
E7wt1,E7-1,WT,116,TYR,TYR116,4,0,0,1,1,0,0,0,0,0,2,0
E7wt1,E7-1,WT,123,TYR,TYR123,1,0,0,1,0,0,0,0,0,0,0,0
E7wt1,E7-1,WT,143,THR,THR143,1,1,0,0,1,0,0,0,0,0,0,0
E7wt1,E7-1,WT,146,LYS,LYS146,1,1,0,0,1,0,0,0,0,0,0,0
E7wt1,E7-1,WT,147,TRP,TRP147,2,1,0,0,0,0,0,0,0,0,1,0
E7wt1,E7-1,WT,152,VAL,VAL152,1,0,0,0,0,0,0,0,0,0,1,0
E7wt1,E7-1,WT,155,GLN,GLN155,1,0,0,0,0,0,0,0,0,0,1,0
E7wt1,E7-1,WT,156,LEU,LEU156,2,0,0,0,1,0,0,0,0,0,1,0
E7wt1,E7-1,WT,159,TYR,TYR159,3,0,0,1,1,0,0,0,0,0,2,0
E7wt1,E7-1,WT,163,THR,THR163,1,0,0,1,0,0,0,0,0,0,0,0
E7wt1,E7-1,WT,167,TRP,TRP167,1,0,0,1,0,0,0,0,0,0,0,0
E7wt1,E7-1,WT,7,TYR,TYR7,2,0,1,1,0,0,0,0,0,0,0,0
E7wt1,E7-1,WT,99,TYR,TYR99,2,1,0,1,1,0,0,0,0,0,1,0
E7apl1,E7-1,APL,171,TYR,TYR171,1,1,0,0,0,0,0,0,0,0,0,0
E7apl1,E7-1,APL,167,TRP,TRP167,1,0,0,0,0,0,0,0,0,0,0,0
E7apl1,E7-1,APL,99,TYR,TYR99,2,1,0,1,1,0,0,0,0,0,1,0
E7apl1,E7-1,APL,45,MET,MET45,1,0,0,0,1,0,0,0,0,0,0,0
E7apl1,E7-1,APL,59,TYR,TYR59,1,0,0,0,0,0,0,0,0,0,0,1
E7apl1,E7-1,APL,63,GLU,GLU63,2,2,1,1,1,0,0,0,0,0,0,0
E7apl1,E7-1,APL,164,CYS,CYS164,1,0,0,0,0,0,0,0,0,0,1,0
E7apl1,E7-1,APL,163,THR,THR163,1,1,0,0,0,0,0,0,0,0,0,0
E7apl1,E7-1,APL,160,LEU,LEU160,1,0,0,0,0,0,0,0,0,0,1,0
E7apl1,E7-1,APL,159,TYR,TYR159,3,0,1,1,2,0,0,0,0,0,0,0
E7apl1,E7-1,APL,156,LEU,LEU156,2,0,0,1,0,0,0,0,0,0,1,0
E7apl1,E7-1,APL,155,GLN,GLN155,1,1,0,0,0,0,0,0,0,0,0,0
E7apl1,E7-1,APL,147,TRP,TRP147,2,1,1,0,0,0,0,0,0,0,1,0
E7apl1,E7-1,APL,146,LYS,LYS146,1,1,0,0,1,0,0,0,0,0,0,0
E7apl1,E7-1,APL,9,PHE,PHE9,1,0,0,0,0,0,0,0,0,0,1,0
E7apl1,E7-1,APL,143,THR,THR143,1,0,0,0,0,0,0,0,0,0,1,0
E7apl1,E7-1,APL,116,TYR,TYR116,3,0,0,1,1,0,0,0,0,0,1,0
E7apl1,E7-1,APL,114,HIE,HIE114,1,0,0,0,0,0,0,0,0,0,1,0
E7apl1,E7-1,APL,66,LYS,LYS66,5,0,2,1,1,0,0,0,0,0,3,0
E7apl1,E7-1,APL,97,ARG,ARG97,3,1,0,0,1,0,0,0,0,0,2,0
E7apl1,E7-1,APL,84,TYR,TYR84,1,0,0,0,0,0,0,0,0,0,1,0
E7apl1,E7-1,APL,81,LEU,LEU81,1,0,0,0,0,0,0,0,0,0,1,0
E7apl1,E7-1,APL,80,THR,THR80,1,0,0,1,0,0,0,0,0,0,0,0
E7apl1,E7-1,APL,77,ASP,ASP77,3,1,2,1,1,0,0,0,0,0,1,0
E7apl1,E7-1,APL,74,HIE,HIE74,1,0,0,0,0,0,0,0,0,0,1,0
E7apl1,E7-1,APL,73,THR,THR73,3,0,1,2,1,0,0,0,0,0,0,0
E7apl1,E7-1,APL,70,HIE,HIE70,5,1,0,0,1,0,0,0,0,0,3,0
E7apl1,E7-1,APL,123,TYR,TYR123,1,0,0,0,0,0,0,0,0,0,1,0
E7apl1,E7-1,APL,7,TYR,TYR7,2,1,1,1,0,0,0,0,0,0,0,0
E7apl1,E7-1,APL,67,VAL,VAL67,1,0,0,1,0,0,0,0,0,0,0,0
E7apl1,E7-1,APL,69,ALA,ALA69,1,0,0,0,1,0,0,0,0,0,0,0
E7wt2,E7-2,WT,9,PHE,PHE9,1,0,0,0,1,0,0,0,0,0,0,0
E7wt2,E7-2,WT,163,THR,THR163,2,0,0,1,0,0,0,0,0,0,1,0
E7wt2,E7-2,WT,159,TYR,TYR159,4,0,0,1,0,0,0,0,0,0,2,1
E7wt2,E7-2,WT,156,LEU,LEU156,2,0,0,1,1,0,0,0,0,0,0,0
E7wt2,E7-2,WT,155,GLN,GLN155,1,0,0,1,1,0,0,0,0,0,0,0
E7wt2,E7-2,WT,152,VAL,VAL152,2,0,0,0,0,0,0,0,0,0,2,0
E7wt2,E7-2,WT,147,TRP,TRP147,3,1,0,1,0,0,0,0,0,0,1,0
E7wt2,E7-2,WT,146,LYS,LYS146,3,1,0,0,1,0,0,0,0,0,2,0
E7wt2,E7-2,WT,143,THR,THR143,2,0,0,0,1,0,0,0,0,0,1,0
E7wt2,E7-2,WT,123,TYR,TYR123,1,0,0,0,0,0,0,0,0,0,1,0
E7wt2,E7-2,WT,116,TYR,TYR116,2,0,0,1,0,0,0,0,0,0,1,0
E7wt2,E7-2,WT,114,HIE,HIE114,1,0,0,0,0,0,0,0,0,0,1,0
E7wt2,E7-2,WT,99,TYR,TYR99,2,1,0,0,1,0,0,0,0,0,0,0
E7wt2,E7-2,WT,84,TYR,TYR84,1,0,0,0,0,0,0,0,0,0,1,0
E7wt2,E7-2,WT,80,THR,THR80,2,0,0,0,1,0,0,0,0,0,1,0
E7wt2,E7-2,WT,77,ASP,ASP77,3,1,2,1,1,0,0,0,0,0,1,0
E7wt2,E7-2,WT,76,VAL,VAL76,1,0,0,1,0,0,0,0,0,0,0,0
E7wt2,E7-2,WT,73,THR,THR73,3,0,0,0,0,0,0,0,0,0,3,0
E7wt2,E7-2,WT,70,HIE,HIE70,1,0,0,0,0,0,0,0,0,0,1,0
E7wt2,E7-2,WT,69,ALA,ALA69,1,0,0,0,0,0,0,0,0,0,1,0
E7wt2,E7-2,WT,67,VAL,VAL67,1,0,0,0,0,0,0,0,0,0,1,0
E7wt2,E7-2,WT,66,LYS,LYS66,4,1,1,1,2,0,0,0,0,0,1,0
E7wt2,E7-2,WT,63,GLU,GLU63,2,2,1,0,0,0,0,0,0,0,0,0
E7wt2,E7-2,WT,59,TYR,TYR59,1,0,0,0,0,0,0,0,0,0,1,0
E7wt2,E7-2,WT,45,MET,MET45,1,0,0,0,1,0,0,0,0,0,0,0
E7wt2,E7-2,WT,81,LEU,LEU81,1,0,0,0,0,0,0,0,0,0,1,0
E7wt2,E7-2,WT,7,TYR,TYR7,2,1,0,0,1,0,0,0,0,0,0,0
E7wt2,E7-2,WT,171,TYR,TYR171,1,0,0,0,0,0,0,0,0,0,1,0
E7wt2,E7-2,WT,167,TRP,TRP167,1,0,0,0,0,0,0,0,0,0,0,0
E7apl2,E7-2,APL,77,ASP,ASP77,3,1,1,0,1,0,0,0,0,0,2,0
E7apl2,E7-2,APL,76,VAL,VAL76,1,0,0,0,0,0,0,0,0,0,1,0
E7apl2,E7-2,APL,73,THR,THR73,4,0,0,0,0,0,0,0,0,0,4,0
E7apl2,E7-2,APL,70,HIE,HIE70,2,0,0,0,0,0,0,0,0,0,2,0
E7apl2,E7-2,APL,69,ALA,ALA69,1,0,0,0,0,0,0,0,0,0,1,0
E7apl2,E7-2,APL,67,VAL,VAL67,1,0,0,0,1,0,0,0,0,0,0,0
E7apl2,E7-2,APL,80,THR,THR80,2,0,0,0,0,0,0,0,0,0,2,0
E7apl2,E7-2,APL,171,TYR,TYR171,1,1,0,0,0,0,0,0,0,0,0,0
E7apl2,E7-2,APL,63,GLU,GLU63,2,1,2,0,1,0,0,0,0,0,0,0
E7apl2,E7-2,APL,59,TYR,TYR59,1,0,0,0,0,0,0,0,0,0,1,0
E7apl2,E7-2,APL,45,MET,MET45,1,0,0,0,1,0,0,0,0,0,0,0
E7apl2,E7-2,APL,33,PHE,PHE33,1,0,0,0,0,0,0,0,0,0,1,0
E7apl2,E7-2,APL,9,PHE,PHE9,1,0,0,0,0,0,0,0,0,0,1,0
E7apl2,E7-2,APL,7,TYR,TYR7,2,1,0,0,1,0,0,0,0,0,0,0
E7apl2,E7-2,APL,65,ARG,ARG65,1,0,0,0,1,0,0,0,0,0,0,0
E7apl2,E7-2,APL,66,LYS,LYS66,4,1,1,1,1,0,0,0,0,0,2,0
E7apl2,E7-2,APL,81,LEU,LEU81,1,0,0,0,0,0,0,0,0,0,1,0
E7apl2,E7-2,APL,99,TYR,TYR99,2,0,0,0,0,0,0,0,0,0,1,1
E7apl2,E7-2,APL,116,TYR,TYR116,1,0,0,1,0,0,0,0,0,0,0,0
E7apl2,E7-2,APL,123,TYR,TYR123,1,0,0,0,0,0,0,0,0,0,1,0
E7apl2,E7-2,APL,142,THR,THR142,1,0,0,0,0,0,0,0,0,0,1,0
E7apl2,E7-2,APL,143,THR,THR143,1,0,1,0,1,0,0,0,0,0,0,0
E7apl2,E7-2,APL,146,LYS,LYS146,1,1,1,0,1,0,0,0,0,0,0,0
E7apl2,E7-2,APL,147,TRP,TRP147,3,1,0,1,0,0,0,0,0,0,1,0
E7apl2,E7-2,APL,150,ALA,ALA150,1,0,0,0,0,0,0,0,0,0,1,0
E7apl2,E7-2,APL,152,VAL,VAL152,1,0,0,0,0,0,0,0,0,0,1,0
E7apl2,E7-2,APL,155,GLN,GLN155,4,0,0,1,0,0,0,0,0,0,3,0
E7apl2,E7-2,APL,156,LEU,LEU156,1,0,0,0,0,0,0,0,0,0,1,0
E7apl2,E7-2,APL,159,TYR,TYR159,3,0,0,2,2,0,0,0,0,0,0,0
E7apl2,E7-2,APL,163,THR,THR163,1,0,0,0,0,0,0,0,0,0,1,0
E7apl2,E7-2,APL,167,TRP,TRP167,1,0,0,0,0,0,0,0,0,0,0,0
E7apl2,E7-2,APL,84,TYR,TYR84,1,0,0,0,0,0,0,0,0,0,1,0
E7apl2,E7-2,APL,5,MET,MET5,1,0,0,0,0,0,0,0,0,0,1,0
