System,Pair,Type,AnchorPosition,PeptidePosition,ResidueName,ContactPairs
E6wt,E6,WT,P1,1,THR,11
E6wt,E6,WT,P2,2,ILE,9
E6wt,E6,WT,Cterm,10,VAL,9
E6apl,E6,APL,P1,1,TYR,8
E6apl,E6,APL,P2,2,LEU,9
E6apl,E6,APL,Cterm,10,VAL,8
E7wt1,E7-1,WT,P2,2,LEU,9
E7wt1,E7-1,WT,Cterm,9,VAL,9
E7wt1,E7-1,WT,P1,1,LEU,8
E7apl1,E7-1,APL,P1,1,TYR,9
E7apl1,E7-1,APL,P2,2,LEU,8
E7apl1,E7-1,APL,Cterm,9,VAL,9
E7wt2,E7-2,WT,P1,1,TYR,8
E7wt2,E7-2,WT,P2,2,MET,9
E7wt2,E7-2,WT,Cterm,10,THR,9
E7apl2,E7-2,APL,P2,2,MET,9
E7apl2,E7-2,APL,P1,1,TYR,11
E7apl2,E7-2,APL,Cterm,10,VAL,10
